[
  {
    "model": "Mbase.product",
    "pk": 1,
    "fields": {
      "user": 1,
      "name": "River 05 Goldstar Full Black Sneakers For Women",
      "thumbnail": "goldstar1-1.webp",
      "brand": null,
      "description": "Lorem ipsum dolor sit amet, consectetur adipiscing elit, sed do eiusmod tempor incididunt ut labore et dolore magna aliqua.",
      "rating": "3.00",
      "review_count": 3,
      "price": "200.00",
      "sale_price": null,
      "discount_percentage": null,
      "countInStock": 1,
      "createdAt": "2022-09-21T09:32:49.368Z",
      "is_featured": true,
      "badge": "Featured",
      "colors": [6],
      "size": [1, 2, 3, 4, 5],
      "categories": [9],
      "likes": []
    }
  },
  {
    "model": "Mbase.product",
    "pk": 2,
    "fields": {
      "user": 1,
      "name": "Men Outdoor Jacket",
      "thumbnail": "zipper1.webp",
      "brand": null,
      "description": "",
      "rating": null,
      "review_count": 0,
      "price": "400.00",
      "sale_price": null,
      "discount_percentage": null,
      "countInStock": 20,
      "createdAt": "2022-09-21T09:33:51.779Z",
      "is_featured": false,
      "badge": "Top Rated",
      "colors": [2],
      "size": [1, 2, 3, 4, 5, 6],
      "categories": [1, 14],
      "likes": []
    }
  },
  {
    "model": "Mbase.product",
    "pk": 3,
    "fields": {
      "user": 1,
      "name": "Cubitt Smart Watch CT2S Waterproof Fitness Tracker",
      "thumbnail": "watch1.webp",
      "brand": null,
      "description": "Lorem ipsum dolor sit amet, consectetur adipiscing elit, sed do eiusmod tempor incididunt ut labore et dolore magna aliqua.",
      "rating": null,
      "review_count": 0,
      "price": "700.00",
      "sale_price": "350.00",
      "discount_percentage": "50.00",
      "countInStock": 10,
      "createdAt": "2022-09-21T09:34:45.622Z",
      "is_featured": false,
      "badge": null,
      "colors": [1, 6],
      "size": [1, 2, 3, 4],
      "categories": [11],
      "likes": []
    }
  },
  {
    "model": "Mbase.product",
    "pk": 4,
    "fields": {
      "user": 1,
      "name": "Knee-High Heeled Boots",
      "thumbnail": "boots1.webp",
      "brand": null,
      "description": "Lorem ipsum dolor sit amet, consectetur adipiscing elit, sed do eiusmod tempor incididunt ut labore et dolore magna aliqua.",
      "rating": null,
      "review_count": 0,
      "price": "350.00",
      "sale_price": null,
      "discount_percentage": null,
      "countInStock": 3,
      "createdAt": "2022-09-21T09:37:09.263Z",
      "is_featured": true,
      "badge": "Top Rated",
      "colors": [6],
      "size": [1, 2, 3, 4],
      "categories": [10],
      "likes": []
    }
  },
  {
    "model": "Mbase.product",
    "pk": 5,
    "fields": {
      "user": 1,
      "name": "18ct Yellow Gold 0.10cttw Diamond & Baroque Pearl Pendant",
      "thumbnail": "necale01-1.webp",
      "brand": null,
      "description": "Lorem ipsum dolor sit amet, consectetur adipiscing elit, sed do eiusmod tempor incididunt ut labore et dolore magna aliqua.",
      "rating": null,
      "review_count": 0,
      "price": "300.00",
      "sale_price": null,
      "discount_percentage": null,
      "countInStock": -5,
      "createdAt": "2022-09-21T09:38:02.133Z",
      "is_featured": false,
      "badge": "Featured",
      "colors": [10],
      "size": [1, 2, 3, 4],
      "categories": [13],
      "likes": []
    }
  },
  {
    "model": "Mbase.product",
    "pk": 6,
    "fields": {
      "user": 1,
      "name": "Fuzzy Button-Up Cardigan",
      "thumbnail": "fuzzy1.webp",
      "brand": null,
      "description": "Lorem ipsum dolor sit amet, consectetur adipiscing elit, sed do eiusmod tempor incididunt ut labore et dolore magna aliqua.",
      "rating": null,
      "review_count": 0,
      "price": "100.00",
      "sale_price": "86.00",
      "discount_percentage": "14.00",
      "countInStock": 4,
      "createdAt": "2022-09-21T09:39:16.151Z",
      "is_featured": false,
      "badge": null,
      "colors": [3],
      "size": [1, 2, 3],
      "categories": [8],
      "likes": []
    }
  },
  {
    "model": "Mbase.product",
    "pk": 8,
    "fields": {
      "user": 1,
      "name": "Quilted Bomber Jacket With Ribbed Trims",
      "thumbnail": "bomber1-1.webp",
      "brand": null,
      "description": "Lorem ipsum dolor sit amet, consectetur adipiscing elit, sed do eiusmod tempor incididunt ut labore et dolore magna aliqua.",
      "rating": null,
      "review_count": 0,
      "price": "210.00",
      "sale_price": null,
      "discount_percentage": null,
      "countInStock": 8,
      "createdAt": "2022-09-21T09:42:45.204Z",
      "is_featured": false,
      "badge": "Top Rated",
      "colors": [4],
      "size": [4, 5, 6],
      "categories": [14],
      "likes": []
    }
  },
  {
    "model": "Mbase.product",
    "pk": 9,
    "fields": {
      "user": 1,
      "name": "Sleeveless Ribbed Short Dress Black",
      "thumbnail": "dressblack1-1.webp",
      "brand": null,
      "description": "Lorem ipsum dolor sit amet, consectetur adipiscing elit, sed do eiusmod tempor incididunt ut labore et dolore magna aliqua.",
      "rating": null,
      "review_count": 0,
      "price": "78.00",
      "sale_price": null,
      "discount_percentage": null,
      "countInStock": 4,
      "createdAt": "2022-09-21T09:43:33.939Z",
      "is_featured": false,
      "badge": "Featured",
      "colors": [6],
      "size": [1, 2, 3, 4],
      "categories": [2],
      "likes": []
    }
  },
  {
    "model": "Mbase.product",
    "pk": 10,
    "fields": {
      "user": 1,
      "name": "Short Dress With Knotted Skirt",
      "thumbnail": "10016.webp",
      "brand": null,
      "description": "",
      "rating": null,
      "review_count": 0,
      "price": "190.00",
      "sale_price": "150.10",
      "discount_percentage": "21.00",
      "countInStock": 10,
      "createdAt": "2022-09-21T09:44:51.499Z",
      "is_featured": false,
      "badge": null,
      "colors": [4],
      "size": [2, 4],
      "categories": [2],
      "likes": []
    }
  },
  {
    "model": "Mbase.product",
    "pk": 11,
    "fields": {
      "user": 1,
      "name": "Pouch Pocket Hoodie Orange",
      "thumbnail": "10013.webp",
      "brand": null,
      "description": "Lorem ipsum dolor sit amet, consectetur adipiscing elit, sed do eiusmod tempor incididunt ut labore et dolore magna aliqua.",
      "rating": null,
      "review_count": 0,
      "price": "77.00",
      "sale_price": null,
      "discount_percentage": null,
      "countInStock": 5,
      "createdAt": "2022-09-21T10:08:17.785Z",
      "is_featured": true,
      "badge": "Top Rated",
      "colors": [10],
      "size": [5, 6],
      "categories": [1, 15],
      "likes": [1]
    }
  },
  {
    "model": "Mbase.product",
    "pk": 12,
    "fields": {
      "user": 1,
      "name": "Rose Printed Hoodie",
      "thumbnail": "10035.webp",
      "brand": null,
      "description": "",
      "rating": null,
      "review_count": 0,
      "price": "110.00",
      "sale_price": null,
      "discount_percentage": null,
      "countInStock": 8,
      "createdAt": "2022-09-21T10:09:23.219Z",
      "is_featured": false,
      "badge": "Featured",
      "colors": [1],
      "size": [1, 2, 3, 4, 5, 6],
      "categories": [2, 15],
      "likes": []
    }
  },
  {
    "model": "Mbase.product",
    "pk": 13,
    "fields": {
      "user": 1,
      "name": "Check Overshirt With Pocket Detail",
      "thumbnail": "10007.webp",
      "brand": null,
      "description": "Lorem ipsum dolor sit amet, consectetur adipiscing elit, sed do eiusmod tempor incididunt ut labore et dolore magna aliqua.",
      "rating": "2.50",
      "review_count": 1,
      "price": "100.00",
      "sale_price": "95.00",
      "discount_percentage": "5.00",
      "countInStock": 1,
      "createdAt": "2022-09-21T10:10:30.197Z",
      "is_featured": false,
      "badge": null,
      "colors": [9, 4],
      "size": [1, 2, 3, 4],
      "categories": [1, 7],
      "likes": []
    }
  },
  {
    "model": "Mbase.product",
    "pk": 14,
    "fields": {
      "user": 1,
      "name": "G10 P104 Dark Grey Goldstar Shoes For Men",
      "thumbnail": "gshoe1-1.webp",
      "brand": "GoldStar",
      "description": "Lorem ipsum dolor sit amet, consectetur adipiscing elit, sed do eiusmod tempor incididunt ut labore et dolore magna aliqua.",
      "rating": "3.14",
      "review_count": 7,
      "price": "130.00",
      "sale_price": null,
      "discount_percentage": null,
      "countInStock": 7,
      "createdAt": "2022-09-21T10:11:47.884Z",
      "is_featured": false,
      "badge": "Featured",
      "colors": [2],
      "size": [1, 3],
      "categories": [1, 9],
      "likes": []
    }
  },
  {
    "model": "Mbase.product",
    "pk": 15,
    "fields": {
      "user": 1,
      "name": "Basic Relax Fit Leggings",
      "thumbnail": "10006.webp",
      "brand": null,
      "description": "Lorem ipsum dolor sit amet, consectetur adipiscing elit, sed do eiusmod tempor incididunt ut labore et dolore magna aliqua.",
      "rating": "3.25",
      "review_count": 2,
      "price": "50.00",
      "sale_price": null,
      "discount_percentage": null,
      "countInStock": 5,
      "createdAt": "2022-09-21T10:12:59.985Z",
      "is_featured": false,
      "badge": "Featured",
      "colors": [6],
      "size": [4, 5, 6],
      "categories": [2, 3],
      "likes": []
    }
  },
  {
    "model": "Mbase.product",
    "pk": 16,
    "fields": {
      "user": 1,
      "name": "Basic High-Neck Puff Jacket",
      "thumbnail": "10005.webp",
      "brand": null,
      "description": "Lorem ipsum dolor sit amet, consectetur adipiscing elit, sed do eiusmod tempor incididunt ut labore et dolore magna aliqua.",
      "rating": "4.00",
      "review_count": 1,
      "price": "90.00",
      "sale_price": null,
      "discount_percentage": null,
      "countInStock": 3,
      "createdAt": "2022-09-21T10:13:56.387Z",
      "is_featured": false,
      "badge": "Top Rated",
      "colors": [8],
      "size": [1, 2],
      "categories": [2, 15],
      "likes": []
    }
  },
  {
    "model": "Mbase.product",
    "pk": 18,
    "fields": {
      "user": 1,
      "name": "Basic Colored Sweatpants With Elastic Hems",
      "thumbnail": "10033.webp",
      "brand": "Cannon",
      "description": "Lorem ipsum dolor sit amet, consectetur adipiscing elit, sed do eiusmod tempor incididunt ut labore et dolore magna aliqua.",
      "rating": null,
      "review_count": 0,
      "price": "49.90",
      "sale_price": "41.92",
      "discount_percentage": "16.00",
      "countInStock": -2,
      "createdAt": "2022-09-21T15:24:12.912Z",
      "is_featured": false,
      "badge": null,
      "colors": [6],
      "size": [4, 5],
      "categories": [2],
      "likes": []
    }
  },
  {
    "model": "Mbase.product",
    "pk": 28,
    "fields": {
      "user": null,
      "name": "18ct Yellow Gold Open Heart Floating Pendant",
      "thumbnail": "necale02-1.webp",
      "brand": null,
      "description": "Lorem ipsum dolor sit amet, consectetur adipiscing elit, sed do eiusmod tempor incididunt ut labore et dolore magna aliqua.",
      "rating": null,
      "review_count": 0,
      "price": "200.00",
      "sale_price": "132.00",
      "discount_percentage": "34.00",
      "countInStock": 0,
      "createdAt": "2024-05-17T09:48:55.708Z",
      "is_featured": false,
      "badge": null,
      "colors": [10],
      "size": [1, 4],
      "categories": [2, 13],
      "likes": []
    }
  },
  {
    "model": "Mbase.product",
    "pk": 29,
    "fields": {
      "user": null,
      "name": "Nike Dunk Low",
      "thumbnail": "nshoe1-1.webp",
      "brand": null,
      "description": "Lorem ipsum dolor sit amet, consectetur adipiscing elit, sed do eiusmod tempor incididunt ut labore et dolore magna aliqua.",
      "rating": null,
      "review_count": 0,
      "price": "77.00",
      "sale_price": "59.29",
      "discount_percentage": "23.00",
      "countInStock": 9,
      "createdAt": "2024-05-17T10:07:55.814Z",
      "is_featured": false,
      "badge": null,
      "colors": [4, 7],
      "size": [1, 4],
      "categories": [1, 9],
      "likes": []
    }
  },
  {
    "model": "Mbase.product",
    "pk": 30,
    "fields": {
      "user": null,
      "name": "Nike Retro High",
      "thumbnail": "nshoe2-1.webp",
      "brand": null,
      "description": "Lorem ipsum dolor sit amet, consectetur adipiscing elit, sed do eiusmod tempor incididunt ut labore et dolore magna aliqua.",
      "rating": null,
      "review_count": 0,
      "price": "66.00",
      "sale_price": null,
      "discount_percentage": null,
      "countInStock": 0,
      "createdAt": "2024-05-17T10:12:47.768Z",
      "is_featured": false,
      "badge": "Top Rated",
      "colors": [8, 7],
      "size": [3, 4],
      "categories": [2, 10],
      "likes": []
    }
  },
  {
    "model": "Mbase.product",
    "pk": 31,
    "fields": {
      "user": null,
      "name": "Nike Air Max 90 LV8",
      "thumbnail": "nshoe3-1.webp",
      "brand": "Nike",
      "description": "Lorem ipsum dolor sit amet, consectetur adipiscing elit, sed do eiusmod tempor incididunt ut labore et dolore magna aliqua.",
      "rating": null,
      "review_count": 0,
      "price": "77.00",
      "sale_price": "72.38",
      "discount_percentage": "6.00",
      "countInStock": 0,
      "createdAt": "2024-05-17T10:16:34.873Z",
      "is_featured": false,
      "badge": null,
      "colors": [1, 7],
      "size": [1, 2],
      "categories": [1, 9],
      "likes": []
    }
  },
  {
    "model": "Mbase.product",
    "pk": 32,
    "fields": {
      "user": null,
      "name": "Tyson T-Shirt Xl",
      "thumbnail": "p_img2.webp",
      "brand": "Nike",
      "description": "",
      "rating": null,
      "review_count": 0,
      "price": "55.00",
      "sale_price": "38.50",
      "discount_percentage": "30.00",
      "countInStock": 11,
      "createdAt": "2024-09-11T08:30:16.987Z",
      "is_featured": false,
      "badge": null,
      "colors": [8],
      "size": [4, 5],
      "categories": [1, 7],
      "likes": []
    }
  },
  {
    "model": "Mbase.product",
    "pk": 33,
    "fields": {
      "user": null,
      "name": "Slogan Hoodie With Label Detail",
      "thumbnail": "slogan1-1.webp",
      "brand": "Pearlst",
      "description": "",
      "rating": null,
      "review_count": 0,
      "price": "45.00",
      "sale_price": null,
      "discount_percentage": null,
      "countInStock": -2,
      "createdAt": "2024-09-11T13:09:45.904Z",
      "is_featured": false,
      "badge": "Featured",
      "colors": [3],
      "size": [5, 6],
      "categories": [2, 3, 15],
      "likes": []
    }
  },
  {
    "model": "Mbase.product",
    "pk": 34,
    "fields": {
      "user": null,
      "name": "Varsity Jacket With Patch Details",
      "thumbnail": "jacket1-1.webp",
      "brand": null,
      "description": "Lorem ipsum dolor sit amet, consectetur adipiscing elit, sed do eiusmod tempor incididunt ut labore et dolore magna aliqua.",
      "rating": "3.00",
      "review_count": 3,
      "price": "32.00",
      "sale_price": null,
      "discount_percentage": null,
      "countInStock": 6,
      "createdAt": "2024-09-11T13:14:28.204Z",
      "is_featured": false,
      "badge": "Top Rated",
      "colors": [7],
      "size": [3, 5],
      "categories": [2, 15],
      "likes": []
    }
  },
  {
    "model": "Mbase.discountoffers",
    "pk": 3,
    "fields": {
      "name": "SHAMPOO, CONDITIONER & FACEWASH PACKS",
      "thumbnail": "shampoo.webp",
      "price": "222.00",
      "description": "Lorem ipsum dolor sit amet, consectetur adipiscing elit. Vivamus rhoncus interdum vulputate. Duis at faucibus nisi, eu elementum dolor. Integer erat odio, ullamcorper vel luctus vitae, interdum sit amet velit. Cras nisl risus, maximus eu odio in, gravida faucibus urna. Nunc in lorem in odio venenatis ultrices eget sit amet tellus. Duis id nisl urna. Donec ornare ipsum mi, at mattis massa convallis quis.",
      "on_sale": false,
      "sale_price": null,
      "countInStock": 1,
      "start_date": "2024-09-13T09:28:42Z",
      "end_date": "2025-05-22T09:28:47Z"
    }
  },
  {
    "model": "Mbase.imagealbum",
    "pk": 1,
    "fields": {
      "image": "pocketmen2.webp",
      "product": 11
    }
  },
  {
    "model": "Mbase.imagealbum",
    "pk": 2,
    "fields": {
      "image": "pocketmen3.webp",
      "product": 11
    }
  },
  {
    "model": "Mbase.imagealbum",
    "pk": 3,
    "fields": {
      "image": "10008.webp",
      "product": 12
    }
  },
  {
    "model": "Mbase.imagealbum",
    "pk": 4,
    "fields": {
      "image": "10034.webp",
      "product": 12
    }
  },
  {
    "model": "Mbase.imagealbum",
    "pk": 5,
    "fields": {
      "image": "10036.webp",
      "product": 13
    }
  },
  {
    "model": "Mbase.imagealbum",
    "pk": 6,
    "fields": {
      "image": "overshirt2.webp",
      "product": 13
    }
  },
  {
    "model": "Mbase.imagealbum",
    "pk": 7,
    "fields": {
      "image": "gshoe1-2.webp",
      "product": 14
    }
  },
  {
    "model": "Mbase.imagealbum",
    "pk": 8,
    "fields": {
      "image": "gshoe1-3.webp",
      "product": 14
    }
  },
  {
    "model": "Mbase.imagealbum",
    "pk": 9,
    "fields": {
      "image": "leggings2.webp",
      "product": 15
    }
  },
  {
    "model": "Mbase.imagealbum",
    "pk": 10,
    "fields": {
      "image": "leggings3.webp",
      "product": 15
    }
  },
  {
    "model": "Mbase.imagealbum",
    "pk": 11,
    "fields": {
      "image": "10030.webp",
      "product": 16
    }
  },
  {
    "model": "Mbase.imagealbum",
    "pk": 12,
    "fields": {
      "image": "10031.webp",
      "product": 16
    }
  },
  {
    "model": "Mbase.imagealbum",
    "pk": 16,
    "fields": {
      "image": "10033_iAUarZN.webp",
      "product": 18
    }
  },
  {
    "model": "Mbase.imagealbum",
    "pk": 17,
    "fields": {
      "image": "10029.webp",
      "product": 18
    }
  },
  {
    "model": "Mbase.imagealbum",
    "pk": 18,
    "fields": {
      "image": "10004_svcnQ3y.webp",
      "product": 18
    }
  },
  {
    "model": "Mbase.imagealbum",
    "pk": 19,
    "fields": {
      "image": "10032.webp",
      "product": 16
    }
  },
  {
    "model": "Mbase.imagealbum",
    "pk": 20,
    "fields": {
      "image": "pocketmen4.webp",
      "product": 11
    }
  },
  {
    "model": "Mbase.imagealbum",
    "pk": 21,
    "fields": {
      "image": "knotted2.webp",
      "product": 10
    }
  },
  {
    "model": "Mbase.imagealbum",
    "pk": 22,
    "fields": {
      "image": "knotted3.webp",
      "product": 10
    }
  },
  {
    "model": "Mbase.imagealbum",
    "pk": 23,
    "fields": {
      "image": "boots2.webp",
      "product": 4
    }
  },
  {
    "model": "Mbase.imagealbum",
    "pk": 24,
    "fields": {
      "image": "boots3.webp",
      "product": 4
    }
  },
  {
    "model": "Mbase.imagealbum",
    "pk": 25,
    "fields": {
      "image": "dressblack2.webp",
      "product": 9
    }
  },
  {
    "model": "Mbase.imagealbum",
    "pk": 26,
    "fields": {
      "image": "dressblack3.webp",
      "product": 9
    }
  },
  {
    "model": "Mbase.imagealbum",
    "pk": 27,
    "fields": {
      "image": "bomber2-1.webp",
      "product": 8
    }
  },
  {
    "model": "Mbase.imagealbum",
    "pk": 28,
    "fields": {
      "image": "bomber3-1.webp",
      "product": 8
    }
  },
  {
    "model": "Mbase.imagealbum",
    "pk": 29,
    "fields": {
      "image": "fuzzy2.webp",
      "product": 6
    }
  },
  {
    "model": "Mbase.imagealbum",
    "pk": 30,
    "fields": {
      "image": "fuzzy3.webp",
      "product": 6
    }
  },
  {
    "model": "Mbase.imagealbum",
    "pk": 31,
    "fields": {
      "image": "zipper2.webp",
      "product": 2
    }
  },
  {
    "model": "Mbase.imagealbum",
    "pk": 32,
    "fields": {
      "image": "zipper3.webp",
      "product": 2
    }
  },
  {
    "model": "Mbase.imagealbum",
    "pk": 33,
    "fields": {
      "image": "watch2.webp",
      "product": 3
    }
  },
  {
    "model": "Mbase.imagealbum",
    "pk": 34,
    "fields": {
      "image": "watch3.webp",
      "product": 3
    }
  },
  {
    "model": "Mbase.imagealbum",
    "pk": 35,
    "fields": {
      "image": "necale01-2.webp",
      "product": 5
    }
  },
  {
    "model": "Mbase.imagealbum",
    "pk": 36,
    "fields": {
      "image": "necale01-3.webp",
      "product": 5
    }
  },
  {
    "model": "Mbase.imagealbum",
    "pk": 37,
    "fields": {
      "image": "necale02-2.webp",
      "product": 28
    }
  },
  {
    "model": "Mbase.imagealbum",
    "pk": 38,
    "fields": {
      "image": "necale02-3.webp",
      "product": 28
    }
  },
  {
    "model": "Mbase.imagealbum",
    "pk": 39,
    "fields": {
      "image": "goldstar1-2.webp",
      "product": 1
    }
  },
  {
    "model": "Mbase.imagealbum",
    "pk": 40,
    "fields": {
      "image": "goldstar1-3.webp",
      "product": 1
    }
  },
  {
    "model": "Mbase.imagealbum",
    "pk": 41,
    "fields": {
      "image": "goldstar1-4.webp",
      "product": 1
    }
  },
  {
    "model": "Mbase.imagealbum",
    "pk": 42,
    "fields": {
      "image": "gshoe1-4.webp",
      "product": 14
    }
  },
  {
    "model": "Mbase.imagealbum",
    "pk": 43,
    "fields": {
      "image": "nshoe1-2.webp",
      "product": 29
    }
  },
  {
    "model": "Mbase.imagealbum",
    "pk": 44,
    "fields": {
      "image": "nshoe1-3.webp",
      "product": 29
    }
  },
  {
    "model": "Mbase.imagealbum",
    "pk": 45,
    "fields": {
      "image": "nshoe1-4.webp",
      "product": 29
    }
  },
  {
    "model": "Mbase.imagealbum",
    "pk": 46,
    "fields": {
      "image": "nshoe2-2.webp",
      "product": 30
    }
  },
  {
    "model": "Mbase.imagealbum",
    "pk": 47,
    "fields": {
      "image": "nshoe2-3.webp",
      "product": 30
    }
  },
  {
    "model": "Mbase.imagealbum",
    "pk": 48,
    "fields": {
      "image": "nshoe2-4.webp",
      "product": 30
    }
  },
  {
    "model": "Mbase.imagealbum",
    "pk": 49,
    "fields": {
      "image": "nshoe3-2.webp",
      "product": 31
    }
  },
  {
    "model": "Mbase.imagealbum",
    "pk": 50,
    "fields": {
      "image": "nshoe3-3.webp",
      "product": 31
    }
  },
  {
    "model": "Mbase.imagealbum",
    "pk": 51,
    "fields": {
      "image": "nshoe3-4.webp",
      "product": 31
    }
  },
  {
    "model": "Mbase.imagealbum",
    "pk": 52,
    "fields": {
      "image": "p_img2_1.webp",
      "product": 32
    }
  },
  {
    "model": "Mbase.imagealbum",
    "pk": 53,
    "fields": {
      "image": "p_img2_2.webp",
      "product": 32
    }
  },
  {
    "model": "Mbase.imagealbum",
    "pk": 54,
    "fields": {
      "image": "p_img2_3.webp",
      "product": 32
    }
  },
  {
    "model": "Mbase.imagealbum",
    "pk": 55,
    "fields": {
      "image": "slogan1-1_qB4R8Pq.webp",
      "product": 33
    }
  },
  {
    "model": "Mbase.imagealbum",
    "pk": 56,
    "fields": {
      "image": "slogan1-2.webp",
      "product": 33
    }
  },
  {
    "model": "Mbase.imagealbum",
    "pk": 57,
    "fields": {
      "image": "slogan1-3.webp",
      "product": 33
    }
  },
  {
    "model": "Mbase.imagealbum",
    "pk": 58,
    "fields": {
      "image": "slogan1-4.webp",
      "product": 33
    }
  },
  {
    "model": "Mbase.imagealbum",
    "pk": 59,
    "fields": {
      "image": "jacket1-1_BD3QzOq.webp",
      "product": 34
    }
  },
  {
    "model": "Mbase.imagealbum",
    "pk": 60,
    "fields": {
      "image": "jacket1-2.webp",
      "product": 34
    }
  },
  {
    "model": "Mbase.imagealbum",
    "pk": 61,
    "fields": {
      "image": "jacket1-3.webp",
      "product": 34
    }
  },
  {
    "model": "Mbase.imagealbum",
    "pk": 62,
    "fields": {
      "image": "jacket1-4.webp",
      "product": 34
    }
  },
  {
    "model": "Mbase.review",
    "pk": 1,
    "fields": {
      "product": 1,
      "user": null,
      "name": "Sangitaa",
      "rating": "3.00",
      "comment": "Very nice product",
      "createdAt": "2025-02-01T03:58:25.187Z"
    }
  },
  {
    "model": "Mbase.review",
    "pk": 2,
    "fields": {
      "product": 1,
      "user": null,
      "name": "Sangitaa",
      "rating": "3.50",
      "comment": "That was very nice wearing it",
      "createdAt": "2025-02-01T04:01:52.340Z"
    }
  },
  {
    "model": "Mbase.review",
    "pk": 3,
    "fields": {
      "product": 1,
      "user": null,
      "name": "Sangitaa",
      "rating": "2.50",
      "comment": "Good Quality",
      "createdAt": "2025-02-01T04:02:19.698Z"
    }
  },
  {
    "model": "Mbase.order",
    "pk": 12,
    "fields": {
      "user": 11,
      "paymentMethod": "Esewa",
      "itemsPrice": "59.29",
      "taxPrice": "4.86",
      "shippingPrice": "0.00",
      "totalPrice": "64.15",
      "isPaid": true,
      "paidAt": "2025-02-14T10:24:19.518Z",
      "isDelivered": false,
      "deliveredAt": null,
      "createdAt": "2025-02-14T09:55:02.127Z"
    }
  },
  {
    "model": "Mbase.order",
    "pk": 13,
    "fields": {
      "user": 11,
      "paymentMethod": "Esewa",
      "itemsPrice": "400.00",
      "taxPrice": "32.80",
      "shippingPrice": "10.00",
      "totalPrice": "442.80",
      "isPaid": true,
      "paidAt": "2025-02-14T10:36:10.511Z",
      "isDelivered": false,
      "deliveredAt": null,
      "createdAt": "2025-02-14T10:34:23.461Z"
    }
  },
  {
    "model": "Mbase.order",
    "pk": 14,
    "fields": {
      "user": 11,
      "paymentMethod": "Esewa",
      "itemsPrice": "32.00",
      "taxPrice": "2.62",
      "shippingPrice": "0.00",
      "totalPrice": "34.62",
      "isPaid": false,
      "paidAt": null,
      "isDelivered": false,
      "deliveredAt": null,
      "createdAt": "2025-02-14T13:24:25.071Z"
    }
  },
  {
    "model": "Mbase.orderitem",
    "pk": 1,
    "fields": {
      "product": 33,
      "order": null,
      "name": "Slogan Hoodie With Label Detail",
      "color": "Yellow",
      "size": "XLL",
      "qty": 4,
      "price": "45.00",
      "thumbnail": "/images/slogan1-1.webp"
    }
  },
  {
    "model": "Mbase.orderitem",
    "pk": 2,
    "fields": {
      "product": 1,
      "order": null,
      "name": "River 05 Goldstar Full Black Sneakers For Women",
      "color": "Black",
      "size": "M",
      "qty": 3,
      "price": "200.00",
      "thumbnail": "/images/goldstar1-1.webp"
    }
  },
  {
    "model": "Mbase.orderitem",
    "pk": 3,
    "fields": {
      "product": 5,
      "order": null,
      "name": "18ct Yellow Gold 0.10cttw Diamond & Baroque Pearl Pendant",
      "color": "Orange",
      "size": "M",
      "qty": 2,
      "price": "300.00",
      "thumbnail": "/images/necale01-1.webp"
    }
  },
  {
    "model": "Mbase.orderitem",
    "pk": 4,
    "fields": {
      "product": 33,
      "order": null,
      "name": "Slogan Hoodie With Label Detail",
      "color": "Yellow",
      "size": "XLL",
      "qty": 4,
      "price": "45.00",
      "thumbnail": "/images/slogan1-1.webp"
    }
  },
  {
    "model": "Mbase.orderitem",
    "pk": 5,
    "fields": {
      "product": 1,
      "order": null,
      "name": "River 05 Goldstar Full Black Sneakers For Women",
      "color": "Black",
      "size": "M",
      "qty": 3,
      "price": "200.00",
      "thumbnail": "/images/goldstar1-1.webp"
    }
  },
  {
    "model": "Mbase.orderitem",
    "pk": 6,
    "fields": {
      "product": 5,
      "order": null,
      "name": "18ct Yellow Gold 0.10cttw Diamond & Baroque Pearl Pendant",
      "color": "Orange",
      "size": "M",
      "qty": 2,
      "price": "300.00",
      "thumbnail": "/images/necale01-1.webp"
    }
  },
  {
    "model": "Mbase.orderitem",
    "pk": 7,
    "fields": {
      "product": 33,
      "order": null,
      "name": "Slogan Hoodie With Label Detail",
      "color": "Yellow",
      "size": "XLL",
      "qty": 4,
      "price": "45.00",
      "thumbnail": "/images/slogan1-1.webp"
    }
  },
  {
    "model": "Mbase.orderitem",
    "pk": 8,
    "fields": {
      "product": 1,
      "order": null,
      "name": "River 05 Goldstar Full Black Sneakers For Women",
      "color": "Black",
      "size": "M",
      "qty": 3,
      "price": "200.00",
      "thumbnail": "/images/goldstar1-1.webp"
    }
  },
  {
    "model": "Mbase.orderitem",
    "pk": 9,
    "fields": {
      "product": 5,
      "order": null,
      "name": "18ct Yellow Gold 0.10cttw Diamond & Baroque Pearl Pendant",
      "color": "Orange",
      "size": "M",
      "qty": 2,
      "price": "300.00",
      "thumbnail": "/images/necale01-1.webp"
    }
  },
  {
    "model": "Mbase.orderitem",
    "pk": 10,
    "fields": {
      "product": 28,
      "order": null,
      "name": "18ct Yellow Gold Open Heart Floating Pendant",
      "color": "Orange",
      "size": "S",
      "qty": 2,
      "price": "132.00",
      "thumbnail": "/images/necale02-1.webp"
    }
  },
  {
    "model": "Mbase.orderitem",
    "pk": 11,
    "fields": {
      "product": 28,
      "order": null,
      "name": "18ct Yellow Gold Open Heart Floating Pendant",
      "color": "Orange",
      "size": "S",
      "qty": 1,
      "price": "132.00",
      "thumbnail": "/images/necale02-1.webp"
    }
  },
  {
    "model": "Mbase.orderitem",
    "pk": 12,
    "fields": {
      "product": 34,
      "order": null,
      "name": "Varsity Jacket With Patch Details",
      "color": "White",
      "size": "XS",
      "qty": 1,
      "price": "32.00",
      "thumbnail": "/images/jacket1-1.webp"
    }
  },
  {
    "model": "Mbase.orderitem",
    "pk": 13,
    "fields": {
      "product": 34,
      "order": null,
      "name": "Varsity Jacket With Patch Details",
      "color": "White",
      "size": "XS",
      "qty": 1,
      "price": "32.00",
      "thumbnail": "/images/jacket1-1.webp"
    }
  },
  {
    "model": "Mbase.orderitem",
    "pk": 14,
    "fields": {
      "product": 30,
      "order": null,
      "name": "Nike Retro High",
      "color": "Pink",
      "size": "XS",
      "qty": 3,
      "price": "66.00",
      "thumbnail": "/images/nshoe2-1.webp"
    }
  },
  {
    "model": "Mbase.orderitem",
    "pk": 15,
    "fields": {
      "product": 29,
      "order": null,
      "name": "Nike Dunk Low",
      "color": "White",
      "size": "L",
      "qty": 2,
      "price": "59.29",
      "thumbnail": "/images/nshoe1-1.webp"
    }
  },
  {
    "model": "Mbase.orderitem",
    "pk": 16,
    "fields": {
      "product": 32,
      "order": null,
      "name": "Tyson T-Shirt Xl",
      "color": "Pink",
      "size": "Xl",
      "qty": 1,
      "price": "38.50",
      "thumbnail": "/images/p_img2.webp"
    }
  },
  {
    "model": "Mbase.orderitem",
    "pk": 17,
    "fields": {
      "product": 29,
      "order": 12,
      "name": "Nike Dunk Low",
      "color": "White",
      "size": "L",
      "qty": 1,
      "price": "59.29",
      "thumbnail": "/images/nshoe1-1.webp"
    }
  },
  {
    "model": "Mbase.orderitem",
    "pk": 18,
    "fields": {
      "product": 2,
      "order": 13,
      "name": "Men Outdoor Jacket",
      "color": "Blue",
      "size": "M",
      "qty": 1,
      "price": "400.00",
      "thumbnail": "/images/zipper1.webp"
    }
  },
  {
    "model": "Mbase.orderitem",
    "pk": 19,
    "fields": {
      "product": 34,
      "order": 14,
      "name": "Varsity Jacket With Patch Details",
      "color": "White",
      "size": "XS",
      "qty": 1,
      "price": "32.00",
      "thumbnail": "/images/jacket1-1.webp"
    }
  },
  {
    "model": "Mbase.shippingaddress",
    "pk": 12,
    "fields": {
      "order": 12,
      "address": "Machhapuchre Tole-3",
      "city": "Pokhara",
      "postalCode": "3423",
      "country": "Nepal",
      "shippingPrice": null
    }
  },
  {
    "model": "Mbase.shippingaddress",
    "pk": 13,
    "fields": {
      "order": 13,
      "address": "Machhapuchre Tole-3",
      "city": "Pokhara",
      "postalCode": "3423",
      "country": "Nepal",
      "shippingPrice": null
    }
  },
  {
    "model": "Mbase.shippingaddress",
    "pk": 14,
    "fields": {
      "order": 14,
      "address": "Machhapuchre Tole-3",
      "city": "Pokhara",
      "postalCode": "3423",
      "country": "Nepal",
      "shippingPrice": null
    }
  }
]
